WKT,id,type,form
"POLYGON ((16.370536742253329 48.19555989491591,16.37062265958934 48.195577013284016,16.370648005853401 48.195541674925678,16.370562069948672 48.195524247102853,16.370536742253329 48.19555989491591))",http://finder.tuwien.ac.at/spatial/room/id/HIEG02,http://finder.tuwien.ac.at/vocab/spatial#Room,http://www.opengis.net/ont/sf#Polygon
"POLYGON ((16.37048181606345 48.195548408401095,16.370536742252117 48.195559894916663,16.370562060664263 48.19552425948055,16.370507106621428 48.195512562536493,16.37048181606345 48.195548408401095))",http://finder.tuwien.ac.at/spatial/room/id/HIEG06,http://finder.tuwien.ac.at/vocab/spatial#Room,http://www.opengis.net/ont/sf#Polygon
"POLYGON ((16.370375840008361 48.195524690208622,16.37048181452996 48.195548410442569,16.370507105552921 48.195512562807366,16.370401186156876 48.195488485538405,16.370375840008361 48.195524690208622))",http://finder.tuwien.ac.at/spatial/room/id/HIEG08,http://finder.tuwien.ac.at/vocab/spatial#Room,http://www.opengis.net/ont/sf#Polygon
"POLYGON ((16.370103056727128 48.195395673047564,16.370073126453743 48.195440791261554,16.370210443623368 48.195478133164102,16.370241327858931 48.195434303809172,16.370103056727128 48.195395673047564))",http://finder.tuwien.ac.at/spatial/room/id/HBEG02,http://finder.tuwien.ac.at/vocab/spatial#Room,http://www.opengis.net/ont/sf#Polygon
"POLYGON ((16.370067959738858 48.195439282731655,16.370097548814059 48.195394642604668,16.369996173504312 48.195366798978775,16.369966788683779 48.195411553623657,16.370067959738858 48.195439282731655))",http://finder.tuwien.ac.at/spatial/room/id/HBEG10,http://finder.tuwien.ac.at/vocab/spatial#Room,http://www.opengis.net/ont/sf#Polygon
"POLYGON ((16.369896608633731 48.195392442469839,16.369962852139096 48.195410402498666,16.36999221839103 48.195365638569506,16.369925761346671 48.195347576408949,16.369896608633731 48.195392442469839))",http://finder.tuwien.ac.at/spatial/room/id/HBEG16,http://finder.tuwien.ac.at/vocab/spatial#Room,http://www.opengis.net/ont/sf#Polygon
"POLYGON ((16.369800989592122 48.195350138593483,16.369902104941378 48.195377081750998,16.36992143950339 48.195346323166426,16.369820890496641 48.195319729663034,16.369800989592122 48.195350138593483))",http://finder.tuwien.ac.at/spatial/room/id/HBEG20,http://finder.tuwien.ac.at/vocab/spatial#Room,http://www.opengis.net/ont/sf#Polygon
"POLYGON ((16.370209884244069 48.195419704330497,16.370240703489486 48.195427955604764,16.370263396648273 48.195394274368269,16.370233101966001 48.195385442884145,16.370209884244069 48.195419704330497))",http://finder.tuwien.ac.at/spatial/room/id/HCEG04,http://finder.tuwien.ac.at/vocab/spatial#Room,http://www.opengis.net/ont/sf#Polygon
"POLYGON ((16.370281779569165 48.195310712500351,16.370260184279257 48.195344206579023,16.370290348981278 48.195353007125973,16.370311740016511 48.195319543997364,16.370281779569165 48.195310712500351))",http://finder.tuwien.ac.at/spatial/room/id/HCEG08,http://finder.tuwien.ac.at/vocab/spatial#Room,http://www.opengis.net/ont/sf#Polygon
"POLYGON ((16.370385754483888 48.195308391679248,16.370448729914425 48.195326036105939,16.370455414612934 48.195315199420861,16.370462897761541 48.195317093210647,16.370469749577509 48.195305210606882,16.370462860624322 48.195303007373795,16.37046416971112 48.195300866029193,16.370447058739799 48.195296100608807,16.370448906316192 48.195293074257179,16.370434190695168 48.195288933910795,16.370432333834469 48.195291991206943,16.370401305692219 48.195283190649505,16.370385754483888 48.195308391679248))",http://finder.tuwien.ac.at/spatial/room/id/HCEG19,http://finder.tuwien.ac.at/vocab/spatial#Room,http://www.opengis.net/ont/sf#Polygon
"POLYGON ((16.370335442843302 48.195388351642173,16.370351866776154 48.195392974710501,16.37035645322208 48.195385907047616,16.370373053556722 48.19539048679426,16.370376433043184 48.195385758515279,16.370406477049265 48.195393903037427,16.370410487868366 48.195387540903212,16.370417952448367 48.195389385179553,16.370425342753947 48.195377576858746,16.370418323820505 48.195375645938121,16.370425528440009 48.195363639570949,16.370433141568867 48.195365075384082,16.370440383325587 48.195353390834683,16.37043331797064 48.195351162848283,16.3704406804233 48.195339175041937,16.370447671503825 48.195341093586237,16.370455024672189 48.195329149099507,16.370385030308224 48.195309542806463,16.370335442843302 48.195388351642173))",http://finder.tuwien.ac.at/spatial/room/id/HCEG13,http://finder.tuwien.ac.at/vocab/spatial#Room,http://www.opengis.net/ont/sf#Polygon
"POLYGON ((16.370323939591263 48.195406045552083,16.370275707634647 48.195477254349207,16.370339955014771 48.195494570709577,16.370345674145717 48.195486302426737,16.370353287274575 48.195487911523806,16.370360863266217 48.195476883019062,16.370353955744424 48.195474828325423,16.370361318197087 48.195463317088539,16.370368485679382 48.195464913808649,16.370376210219877 48.195453835788236,16.370369117012025 48.195451824415564,16.370376822983911 48.19543986757698,16.370384027603421 48.195441507619719,16.370391919261383 48.195430033508366,16.370384788916304 48.195428028323605,16.370387667050387 48.195423275292718,16.370323939591263 48.195406045552083))",http://finder.tuwien.ac.at/spatial/room/id/HCEG03,http://finder.tuwien.ac.at/vocab/spatial#Room,http://www.opengis.net/ont/sf#Polygon
"POLYGON ((16.370270926218328 48.19523406964808,16.370272857353452 48.195231024726205,16.370285484006192 48.195234762801007,16.370292911448978 48.195223424798435,16.370280878991665 48.195219216368898,16.370287823650667 48.19520916564754,16.370298890540418 48.19521238385903,16.370306800766983 48.195200625008376,16.370227809912933 48.195175993301966,16.370203559312227 48.195213200789595,16.370270926218328 48.19523406964808))",http://finder.tuwien.ac.at/spatial/room/id/HGEG01A,http://finder.tuwien.ac.at/vocab/spatial#Room,http://www.opengis.net/ont/sf#Polygon
"POLYGON ((16.370370228807296 48.195093077816196,16.370297551279616 48.195069510546354,16.370271518092647 48.195108822330781,16.37034478981575 48.195132340071488,16.370370228807296 48.195093077816196))",http://finder.tuwien.ac.at/spatial/room/id/HGEG11,http://finder.tuwien.ac.at/vocab/spatial#Room,http://www.opengis.net/ont/sf#Polygon
"POLYGON ((16.370383709615954 48.195217016226465,16.370491166144493 48.195057801174038,16.370420364046115 48.195035038443599,16.370419992673973 48.195035669710322,16.370418711440092 48.195035248865828,16.370388983100334 48.195078521562571,16.37039427515332 48.19508041536109,16.370387850415316 48.195090527996555,16.370385993554613 48.195089983374864,16.370386392779672 48.195089333542157,16.370375353742816 48.195085942034204,16.370368483358241 48.195097354333797,16.370380664364408 48.195100894374136,16.370374481018285 48.195110982250036,16.370373701136792 48.195110722317061,16.370373385470476 48.195111304071808,16.370371602884205 48.195110784205873,16.370371974256347 48.195110140562313,16.370362578541219 48.195107528854713,16.370355522470572 48.195119411504315,16.370363989755347 48.195121837544939,16.370364361127493 48.195121243412537,16.370366997869681 48.195122035589058,16.370359459015251 48.195133150814463,16.370357676428981 48.195132606193233,16.370358010663907 48.195131937794436,16.370347983616142 48.195128595800348,16.370341131800171 48.195140367045269,16.370352235827138 48.195143647149841,16.370345551128629 48.195153635995297,16.370340203369821 48.195151940243477,16.370312276184936 48.19519461871014,16.370383709615954 48.195217016226465))",http://finder.tuwien.ac.at/spatial/room/id/HGEG05,http://finder.tuwien.ac.at/vocab/spatial#Room,http://www.opengis.net/ont/sf#Polygon
"POLYGON ((16.370282195041625 48.195240144019031,16.37035427837387 48.195260814822944,16.370383282537965 48.19521766605753,16.370311607715063 48.195195571796077,16.370282195041625 48.195240144019031))",http://finder.tuwien.ac.at/spatial/room/id/HGEG01,http://finder.tuwien.ac.at/vocab/spatial#Room,http://www.opengis.net/ont/sf#Polygon
"POLYGON ((16.370298191896357 48.19506837798,16.370355494617463 48.195087093166165,16.370366412958358 48.195090843629245,16.37036585590015 48.195091648183997,16.370370200954181 48.195093071626985,16.370379559532097 48.195079059995166,16.370374369606445 48.19507718476325,16.370378946768064 48.195069826179186,16.370387070533614 48.1950584014957,16.370394460839194 48.195047509054042,16.370402482477392 48.195035972965584,16.370404859259082 48.195031925431771,16.370402222516891 48.195031182764993,16.37039019470172 48.195027447769753,16.370351544146313 48.195014940020741,16.370339623100641 48.195010805840788,16.370337469142232 48.195010211707114,16.37032491676392 48.195028580336675,16.370319160495754 48.195036452604469,16.370298191896357 48.19506837798))",http://finder.tuwien.ac.at/spatial/room/id/HGEG15,http://finder.tuwien.ac.at/vocab/spatial#Room,http://www.opengis.net/ont/sf#Polygon
"POLYGON ((16.370228842791448 48.195174996893037,16.370280217484762 48.195191341702859,16.370291284374513 48.195194658937382,16.370295740840195 48.195195995733314,16.37030181277467 48.195187096137452,16.37030996439313 48.195174866926671,16.370316788356195 48.195164754307875,16.370324262220503 48.195152902613181,16.370329266460079 48.195145191274058,16.370334502807243 48.195146775626334,16.370343355390631 48.195133209608422,16.37033931671861 48.195131594311334,16.370328435514928 48.195127887173406,16.370271104940908 48.195109469068399,16.370241729404693 48.195153929966494,16.370228842791448 48.195174996893037))",http://finder.tuwien.ac.at/spatial/room/id/HGEG05,http://finder.tuwien.ac.at/vocab/spatial#Room,http://www.opengis.net/ont/sf#Polygon
"POLYGON ((16.370219368159709 48.194980758759343,16.370220278021453 48.19497937244661,16.370219272780869 48.194978521052839,16.370218245402782 48.194977681483429,16.370217196200137 48.194976853994113,16.370216125492536 48.194976038836977,16.370215033606126 48.194975236260298,16.370213920873503 48.194974446508567,16.370212787633616 48.194973669822339,16.370211634231666 48.194972906438217,16.370210461018988 48.194972156588712,16.370209268352948 48.194971420502263,16.370208056596852 48.194970698403075,16.370206826119809 48.194969990511112,16.370205577296634 48.194969297041986,16.370204310507734 48.194968618206971,16.370203026138981 48.194967954212807,16.370201724581605 48.194967305261784,16.370200406232073 48.194966671551576,16.370199071491975 48.194966053275195,16.37019772076788 48.194965450621005,16.370196354471229 48.194964863772569,16.370194973018219 48.194964292908629,16.370193576829639 48.194963738203107,16.370192166330796 48.194963199824947,16.37019074195133 48.194962677938157,16.370189304125127 48.194962172701707,16.370187853290165 48.194961684269508,16.370186389888378 48.194961212790318,16.370184914365534 48.194960758407774,16.370183427171089 48.194960321260275,16.370181928758061 48.194959901480985,16.37018041958288 48.194959499197786,16.370178900105255 48.194959114533191,16.370177370788028 48.194958747604396,16.370175832097054 48.194958398523163,16.370174284501026 48.194958067395817,16.370172728471363 48.194957754323234,16.370171164482038 48.194957459400783,16.370169593009461 48.194957182718291,16.370168014532322 48.194956924360049,16.370166429531437 48.194956684404737,16.370164838489611 48.194956462925468,16.37016324189149 48.194956259989702,16.370161640223422 48.194956075659242,16.370160033973278 48.194955909990249,16.370158423630347 48.194955763033192,16.370156809685152 48.194955634832823,16.370155192629316 48.194955525428199,16.37015357295541 48.194955434852645,16.370151951156803 48.194955363133765,16.370150327727508 48.194955310293381,16.370148703162041 48.194955276347613,16.370147077955256 48.194955261306774,16.370146523514563 48.194955260501374,16.370145576515601 48.194957042904292,16.370114585510567 48.194947400598899,16.370107826537627 48.194955421412764,16.370091337614635 48.194980424558977,16.370075294338214 48.19500399186979,16.370107752263198 48.195014141653665,16.370105969676931 48.195016122099062,16.370107054797625 48.195016978644588,16.37010816217855 48.195017822435645,16.370109291482393 48.195018653215207,16.370110442365156 48.195019470730216,16.370111614476269 48.195020274731633,16.370112807458693 48.195021064974569,16.370114020949035 48.195021841218313,16.370115254577655 48.195022603226398,16.370116507968778 48.195023350766725,16.37011778074061 48.195024083611578,16.370119072505446 48.195024801537713,16.370120382869814 48.195025504326466,16.37012171143455 48.195026191763752,16.37012305779497 48.195026863640173,16.370124421540961 48.195027519751072,16.370125802257103 48.195028159896587,16.370127199522823 48.195028783881725,16.370128612912499 48.195029391516407,16.370130041995601 48.195029982615559,16.370131486336817 48.195030556999129,16.370132945496177 48.195031114492124,16.37013441902922 48.195031654924762,16.370135906487089 48.195032178132401,16.370137407416685 48.195032683955674,16.370138921360816 48.195033172240507,16.370140447858319 48.195033642838148,16.370141986444207 48.195034095605273,16.37014353664981 48.195034530403952,16.370145098002922 48.195034947101746,16.370146670027939 48.195035345571718,16.370148252246011 48.195035725692492,16.370149844175177 48.195036087348285,16.370151445330517 48.195036430428928,16.370153055224307 48.195036754829921,16.370154673366155 48.195037060452449,16.370156299263162 48.19503734720341,16.37015793242006 48.195037614995471,16.370159572339379 48.195037863747039,16.370161218521577 48.195038093382365,16.370162870465219 48.195038303831481,16.370164527667104 48.195038495030289,16.370166189622424 48.19503866692056,16.370167855824942 48.195038819449913,16.370169525767118 48.195038952571906,16.370171198940263 48.195039066245975,16.370172874834712 48.195039160437503,16.370174552939979 48.195039235117783,16.370176232744889 48.195039290264091,16.370177913737766 48.195039325859611,16.370179595406558 48.195039341893512,16.370180281242025 48.195039342815662,16.370181061123514 48.195037832726733,16.370213129107757 48.195047753515055,16.370220909354071 48.195036167915525,16.37022742693512 48.195025572535897,16.370245995542088 48.194997326431341,16.370250600556616 48.194990667180953,16.370219368159709 48.194980758759343))",http://finder.tuwien.ac.at/spatial/room/id/HHEG01,http://finder.tuwien.ac.at/vocab/spatial#Room,http://www.opengis.net/ont/sf#Polygon
"POLYGON ((16.37026708947959 48.19502126506783,16.370311542724671 48.195035437626565,16.370317131875364 48.19502621618048,16.370336368952195 48.194997561609291,16.370291340080289 48.194983537573584,16.37026708947959 48.19502126506783))",http://finder.tuwien.ac.at/spatial/room/id/HGEG12,http://finder.tuwien.ac.at/vocab/spatial#Room,http://www.opengis.net/ont/sf#Polygon
"POLYGON ((16.370248446598183 48.19547363387948,16.370234687260421 48.195469685401648,16.370245085680324 48.195455228276437,16.370233313183505 48.195451713015927,16.37022298903803 48.195466293918869,16.370213797577581 48.195479117188306,16.370240833469325 48.195486791344166,16.370242727467236 48.195483981613059,16.370243674466188 48.195484241544129,16.370244361504646 48.195483337974181,16.370242356095094 48.195482644824629,16.370248446598183 48.19547363387948))",http://finder.tuwien.ac.at/spatial/room/id/HCEG02,http://finder.tuwien.ac.at/vocab/spatial#Room,http://www.opengis.net/ont/sf#Polygon
"POLYGON ((16.370238029609677 48.195467903016535,16.37025003885622 48.195471470881017,16.370258914650357 48.195458461944519,16.370262071313544 48.195453906959301,16.370266824876929 48.195447049725381,16.37027035291225 48.195441925365849,16.370264559506875 48.195440242001254,16.370267530483993 48.195435687014431,16.370253158382202 48.195431775666712,16.370249778895733 48.195436380164622,16.370244765371851 48.195435216662496,16.370233508153873 48.195451549011679,16.370246868266598 48.195455500585325,16.370238029609677 48.195467903016535))",http://finder.tuwien.ac.at/spatial/room/id/HCEG02A,http://finder.tuwien.ac.at/vocab/spatial#Room,http://www.opengis.net/ont/sf#Polygon
"POLYGON ((16.370273212477713 48.195436924782605,16.370278597373726 48.195428507958248,16.370289367165775 48.195412218923657,16.370295160571146 48.19540343076455,16.370270872833235 48.195396499257704,16.370264670918505 48.19540580728097,16.37025876610149 48.195404148670562,16.370249407523573 48.195418135458098,16.370255275203377 48.195419769312679,16.370248293407155 48.19543016656786,16.370273212477713 48.195436924782605))",http://finder.tuwien.ac.at/spatial/room/id/HCEG04,http://finder.tuwien.ac.at/vocab/spatial#Room,http://www.opengis.net/ont/sf#Polygon
"POLYGON ((16.370321112589973 48.19536198607117,16.370323466874922 48.195358340955295,16.370328231453556 48.195350692217396,16.370329105144833 48.195349433209493,16.370305881124004 48.195342610748341,16.370297780969935 48.195355327082495,16.370321112589973 48.19536198607117))",http://finder.tuwien.ac.at/spatial/room/id/HCEG08A,http://finder.tuwien.ac.at/vocab/spatial#Room,http://www.opengis.net/ont/sf#Polygon
"POLYGON ((16.370369888453119 48.195274695021432,16.370352089614997 48.195303244106931,16.370364662152397 48.195306793814602,16.370382418498664 48.195278262294153,16.370369888453119 48.195274695021432))",http://finder.tuwien.ac.at/spatial/room/id/HCEG10,http://finder.tuwien.ac.at/vocab/spatial#Room,http://www.opengis.net/ont/sf#Polygon
"POLYGON ((16.370366374546048 48.195306994739603,16.370376442010414 48.195309984220522,16.370394112313029 48.195281412540652,16.370383795241708 48.195278691201125,16.370366374546048 48.195306994739603))",http://finder.tuwien.ac.at/spatial/room/id/HCEG10A,http://finder.tuwien.ac.at/vocab/spatial#Room,http://www.opengis.net/ont/sf#Polygon
"POLYGON ((16.369830655220806 48.194947490734485,16.369810152551512 48.19497177021789,16.369800994256952 48.194983052493427,16.369796259534667 48.194991954650597,16.36984576167951 48.195009162133495,16.369858354444688 48.19501371498248,16.369862273938374 48.195014561436786,16.36989773873816 48.194970278093741,16.369830655220806 48.194947490734485))",http://finder.tuwien.ac.at/spatial/room/id/HEEG10,http://finder.tuwien.ac.at/vocab/spatial#Room,http://www.opengis.net/ont/sf#Polygon
"POLYGON ((16.369636975717864 48.195179518490015,16.369709267420301 48.195197412018771,16.369713980004867 48.195192290668984,16.369723785711596 48.195181586822173,16.369766043473238 48.195135426991719,16.369774516266322 48.195138350379651,16.369781562755026 48.195130265441627,16.369773394417653 48.195127031087466,16.369764084211152 48.195124600659973,16.369753133178229 48.195121119396617,16.369703260142462 48.195107099300742,16.369636975717864 48.195179518490015))",http://finder.tuwien.ac.at/spatial/room/id/HAEG16,http://finder.tuwien.ac.at/vocab/spatial#Room,http://www.opengis.net/ont/sf#Polygon
"POLYGON ((16.369864052547332 48.195184397588996,16.369888136625033 48.19519110402701,16.369895704776205 48.195193166783092,16.369925187625658 48.195144672921458,16.369887108071712 48.195134265588322,16.369884207530696 48.195138380902485,16.369876509283472 48.19513629701968,16.369877997883712 48.195133920517861,16.369839563035306 48.195123658659043,16.369838778288649 48.195124863309459,16.369836964770379 48.195124328569257,16.369829716913252 48.195136242766239,16.369831589128712 48.195136776437266,16.369825035566866 48.195147428894131,16.369819189066057 48.195156987752178,16.369812523674838 48.195167670629999,16.369805920942063 48.195178341596396,16.369802611669176 48.195183734978535,16.36980396029298 48.195184105896672,16.369817157728111 48.195187648049362,16.369843805701866 48.195194888285769,16.369848652008148 48.195187225203611,16.369848066321282 48.195182967815782,16.369851084706088 48.195178073102973,16.369858903523106 48.195180160661621,16.369857493474434 48.19518259054972,16.369864052547332 48.195184397588996))",http://finder.tuwien.ac.at/spatial/room/id/HAEG11,http://finder.tuwien.ac.at/vocab/spatial#Room,http://www.opengis.net/ont/sf#Polygon
"POLYGON ((16.369715118358407 48.195198781655414,16.369804762999451 48.195221711817901,16.369806284893521 48.195219287725934,16.36981274556048 48.195220986918137,16.369820514442619 48.195210606015578,16.369813314255524 48.195208348607594,16.369818024275137 48.195201014966017,16.369821657729961 48.195195075322317,16.369822450495267 48.195194066309803,16.369814647299012 48.195191428318957,16.369802128954923 48.195188116568481,16.369748463567753 48.195174081373757,16.369740448156421 48.195186616463666,16.369728720010997 48.195183666223251,16.369719206058317 48.19519403584173,16.369715118358407 48.195198781655414))",http://finder.tuwien.ac.at/spatial/room/id/HAEG09,http://finder.tuwien.ac.at/vocab/spatial#Room,http://www.opengis.net/ont/sf#Polygon
"POLYGON ((16.369747295335724 48.195169082790215,16.369794544575878 48.195181645089512,16.369797987890067 48.195176225772002,16.369805692552209 48.195178466162226,16.369812344391832 48.195167631802093,16.369804417770784 48.195165708705744,16.369807816693186 48.195160352845406,16.369764870373164 48.195149012168343,16.369747295335724 48.195169082790215))",http://finder.tuwien.ac.at/spatial/room/id/HAEG11A,http://finder.tuwien.ac.at/vocab/spatial#Room,http://www.opengis.net/ont/sf#Polygon
"POLYGON ((16.369819385893912 48.19512316665579,16.369832596030733 48.195126732075259,16.369839022832153 48.195116426500121,16.369799294272102 48.195106201904714,16.36978767106562 48.195125302700632,16.36980030359663 48.195128534062505,16.369799742412606 48.195129460545537,16.369813571083231 48.195132638796892,16.369819385893912 48.19512316665579))",http://finder.tuwien.ac.at/spatial/room/id/HAEG13,http://finder.tuwien.ac.at/vocab/spatial#Room,http://www.opengis.net/ont/sf#Polygon
"POLYGON ((16.369773565136931 48.195126538521798,16.369788280240094 48.195110928995327,16.369782854054769 48.19510953204216,16.369785361934095 48.195105367100162,16.369781863453944 48.195104424494538,16.369727015401185 48.195085038539219,16.369724605030662 48.195087283036479,16.369720577695745 48.195092211796386,16.369716762186371 48.195091846649959,16.369713173958072 48.195096023437912,16.369704281746657 48.195106084160891,16.369773565136931 48.195126538521798))",http://finder.tuwien.ac.at/spatial/room/id/HAEG22,http://finder.tuwien.ac.at/vocab/spatial#Room,http://www.opengis.net/ont/sf#Polygon
"POLYGON ((16.369795973364116 48.195094256995397,16.369801463185979 48.195096060017931,16.36980952093511 48.195085990996986,16.369804468872466 48.195083976387245,16.369807721917848 48.195078787632703,16.369802739650336 48.195076756088866,16.369792541994382 48.195072881282599,16.369742844410208 48.195055617772432,16.369740856402426 48.195058708191638,16.369734754333521 48.195057159089231,16.369726433441166 48.195067687124464,16.369731352200297 48.195069602355645,16.369721864163626 48.195081177546818,16.369728075992764 48.195083398142025,16.369782684701928 48.195103250504147,16.369785381949534 48.195103992341586,16.369785917602044 48.195102729576945,16.369789082632849 48.195099406278231,16.369790827895635 48.195099852201778,16.369795973364116 48.195094256995397))",http://finder.tuwien.ac.at/spatial/room/id/HEEG02,http://finder.tuwien.ac.at/vocab/spatial#Room,http://www.opengis.net/ont/sf#Polygon
"POLYGON ((16.369869744243402 48.195095642631287,16.369883989128255 48.195078592867169,16.369892700436917 48.195068417963888,16.369898501839369 48.195060911714542,16.369847328550549 48.195042899776908,16.369816413142019 48.195080591084135,16.369869744243402 48.195095642631287))",http://finder.tuwien.ac.at/spatial/room/id/HHEG03,http://finder.tuwien.ac.at/vocab/spatial#Room,http://www.opengis.net/ont/sf#Polygon
"POLYGON ((16.369797985679192 48.195103081468822,16.369852035067744 48.195117313303129,16.369869029291905 48.19509683034866,16.369832029285064 48.195086391597243,16.369821056312581 48.19508352157294,16.369814798872429 48.195082194577665,16.369797985679192 48.195103081468822))",http://finder.tuwien.ac.at/spatial/room/id/HEEG01,http://finder.tuwien.ac.at/vocab/spatial#Room,http://www.opengis.net/ont/sf#Polygon
"POLYGON ((16.369909978366266 48.195111895957226,16.369888844303205 48.195105326668923,16.369893044908391 48.195097602893831,16.369879022441104 48.19509385256881,16.36985605059478 48.195121555217284,16.369888874313759 48.195130135691933,16.369894854374401 48.195121255719748,16.369905419355305 48.195119904269056,16.369909978366266 48.195111895957226))",http://finder.tuwien.ac.at/spatial/room/id/HFEG15B,http://finder.tuwien.ac.at/vocab/spatial#Room,http://www.opengis.net/ont/sf#Polygon
"POLYGON ((16.369920241208515 48.19509457414523,16.369886052828463 48.195085231472447,16.369879253958324 48.195093625160048,16.369893527123505 48.19509747272614,16.369889064786573 48.195105260002933,16.369909995013199 48.195111872160183,16.369920241208515 48.19509457414523))",http://finder.tuwien.ac.at/spatial/room/id/HFEG15A,http://finder.tuwien.ac.at/vocab/spatial#Room,http://www.opengis.net/ont/sf#Polygon
"POLYGON ((16.369614519440162 48.195295967326089,16.369633786834921 48.19527673031115,16.369641446050167 48.195268670394547,16.36967276616609 48.195236356819969,16.369678229747272 48.195230207745297,16.36967936872998 48.195228507324316,16.369670449055171 48.195226307303614,16.369645161914679 48.195220131079012,16.369608022294202 48.195210674805871,16.369590980960059 48.195227993615241,16.369581170078803 48.195224792460436,16.36957377709512 48.19523434968513,16.369581966979737 48.19523773740508,16.369573101888662 48.195246365525087,16.369563816648309 48.195243243561464,16.369556501073383 48.195252690125656,16.369563750308046 48.19525586965382,16.369555831348233 48.195264589786312,16.369545284748508 48.19526168197924,16.369537227526841 48.195270527531981,16.369545876941434 48.195274630642849,16.369545534195048 48.19527526505648,16.369597244100543 48.19529083325579,16.369608510198276 48.195294301504688,16.369614519440162 48.195295967326089))",http://finder.tuwien.ac.at/spatial/room/id/HAEG04,http://finder.tuwien.ac.at/vocab/spatial#Room,http://www.opengis.net/ont/sf#Polygon
"POLYGON ((16.369616452527207 48.195307143605795,16.369622142741626 48.195300526111701,16.369613886410864 48.195297016703037,16.369607446834976 48.195294972940317,16.369596722933785 48.195291487988619,16.36954551207425 48.195275287650176,16.36953820049931 48.195282832552088,16.36952770647488 48.195279957928257,16.369520150172377 48.195289279138983,16.369528376076573 48.19529279593025,16.369526280446966 48.195295647211346,16.369596678513549 48.195314582615637,16.369607230041691 48.195303615947076,16.369616452527207 48.195307143605795))",http://finder.tuwien.ac.at/spatial/room/id/HAEG02,http://finder.tuwien.ac.at/vocab/spatial#Room,http://www.opengis.net/ont/sf#Polygon
"POLYGON ((16.369709412553249 48.195314311514679,16.369722573777612 48.195293168058505,16.369702764533272 48.195288189384492,16.369689268796211 48.195284802710717,16.369683032697694 48.195283100053011,16.369668521695509 48.195285931646445,16.369658397926951 48.19530083708085,16.369672690570805 48.195304673540008,16.369686009341624 48.195308240962078,16.36968434779391 48.19531056199876,16.369703825254494 48.19531594273402,16.369705572544671 48.195313589410226,16.369709412553249 48.195314311514679))",http://finder.tuwien.ac.at/spatial/room/id/HAEG03A,http://finder.tuwien.ac.at/vocab/spatial#Room,http://www.opengis.net/ont/sf#Polygon
"POLYGON ((16.369650031018722 48.195300627583812,16.369644065286288 48.195309769607384,16.369641284722654 48.195315152873341,16.369634284822819 48.195325303780955,16.369655510467524 48.195330352246039,16.36965875089637 48.195326442269753,16.369664804435597 48.195328189218571,16.369673982966852 48.195315212831751,16.369666689993494 48.19531321533821,16.369671489336689 48.195306354608206,16.369650031018722 48.195300627583812))",http://finder.tuwien.ac.at/spatial/room/id/HAEG01B,http://finder.tuwien.ac.at/vocab/spatial#Room,http://www.opengis.net/ont/sf#Polygon
"POLYGON ((16.369748982487923 48.195336454203165,16.369762915170991 48.195314514906215,16.369767548510559 48.1953076025762,16.369729257603897 48.195297047504134,16.369714716836842 48.195320144977877,16.369709537613165 48.195318737158168,16.369707060532804 48.195322278179361,16.369712317165245 48.195323575342066,16.369710813287455 48.195325869608673,16.369748982487923 48.195336454203165))",http://finder.tuwien.ac.at/spatial/room/id/HAEG01A,http://finder.tuwien.ac.at/vocab/spatial#Room,http://www.opengis.net/ont/sf#Polygon
"POLYGON ((16.369739240170112 48.195350669881719,16.369748330106503 48.195337531243567,16.369709862457093 48.195327662190842,16.369706210377359 48.195326526987344,16.36969917736619 48.195336869678101,16.369702740851061 48.195337842624348,16.369700728223265 48.195340719703012,16.369710666068514 48.195343269883907,16.369707978687096 48.195346678174779,16.369720373475374 48.195350194142755,16.369722972261922 48.195346623595128,16.369739240170112 48.195350669881719))",http://finder.tuwien.ac.at/spatial/room/id/HAEG01,http://finder.tuwien.ac.at/vocab/spatial#Room,http://www.opengis.net/ont/sf#Polygon
"POLYGON ((16.369695682374005 48.195265594956147,16.36970675137988 48.195248760469433,16.369711727465827 48.195241213716479,16.369714082839995 48.195237702218101,16.369685752150776 48.195230243147122,16.369683794559545 48.195232463745818,16.369678737042058 48.19523102639527,16.369673871029228 48.195237260177819,16.369679802862269 48.195239036658101,16.36966780539823 48.195258209561274,16.369695682374005 48.195265594956147))",http://finder.tuwien.ac.at/spatial/room/id/HAEG05C,http://finder.tuwien.ac.at/vocab/spatial#Room,http://www.opengis.net/ont/sf#Polygon
"POLYGON ((16.369780645364827 48.195272268398668,16.369786782582192 48.195263061793661,16.369786217789937 48.195262027403608,16.369779887615252 48.195260278662872,16.369783487122646 48.19525513311013,16.369781567006612 48.195254519425305,16.369782429577338 48.195253322479857,16.369762050059443 48.195247425586658,16.369760706592224 48.195249634999726,16.369715812007168 48.195238155509927,16.369713489856082 48.195241727854771,16.369711810467649 48.195241239516591,16.369706834381702 48.195248786269545,16.369708563548873 48.195249239561285,16.369706379994874 48.195253444380647,16.369780645364827 48.195272268398668))",http://finder.tuwien.ac.at/spatial/room/id/HHEG05,http://finder.tuwien.ac.at/vocab/spatial#Room,http://www.opengis.net/ont/sf#Polygon
"POLYGON ((16.369764175759855 48.195287542046117,16.369773997491958 48.195290258215117,16.369776170306832 48.195286791012691,16.369781038778026 48.195286115141016,16.369783311150382 48.195282577845617,16.369789368941738 48.195281429668533,16.369787674229752 48.195277568603252,16.369781677291495 48.195278702016225,16.369771833410674 48.195275945282305,16.369764175759855 48.195287542046117))",http://finder.tuwien.ac.at/spatial/room/id/HAEG05B,http://finder.tuwien.ac.at/vocab/spatial#Room,http://www.opengis.net/ont/sf#Polygon
"POLYGON ((16.369974949304218 48.195218878704296,16.369991018320942 48.195223570451198,16.369993462513456 48.195220726473707,16.370011623131152 48.195225967330813,16.370009737802594 48.195228951344539,16.370013384289276 48.195229950092966,16.370015208764723 48.195226980843472,16.370020576140742 48.195228480830309,16.370018773814007 48.195231490644062,16.370026786173646 48.195233795952653,16.370029000712915 48.195230846911066,16.370047825345104 48.195236294168119,16.370045857349975 48.195240010277921,16.37006101334676 48.195244418221527,16.37006424572126 48.195241061449615,16.370083820166272 48.195246809135256,16.370081448236441 48.195250416525866,16.370098302973851 48.195255285142395,16.3701006361993 48.19525173308066,16.370119076248972 48.195257043952822,16.370116676689118 48.195260726953386,16.370133437350336 48.19526554948667,16.37013576777926 48.195261929197073,16.370154141494535 48.195267371007368,16.370151780639063 48.195270998678666,16.370168378093204 48.195275837839326,16.370171474890629 48.195272422087164,16.370187203622265 48.195277058575137,16.370186819374986 48.195277680088722,16.370207442417019 48.195283770553694,16.370207887517399 48.195283134275989,16.370224147482983 48.195287986410037,16.370221775553151 48.195291593797748,16.370234590943539 48.195295375227047,16.370237971869116 48.195296392466659,16.370240343798947 48.195292785079289,16.370258023073159 48.195298027867622,16.370256129466778 48.195301059823578,16.370272054628586 48.19530574052704,16.37027400081023 48.195302741753551,16.370291525155189 48.195307953222859,16.370288539548305 48.195312582321613,16.37030517302205 48.195317550553256,16.370308194536776 48.195312797897962,16.370323912194053 48.195317414100145,16.370321562412943 48.195321062050056,16.37033636425377 48.195325326222125,16.370341412155426 48.195317532366531,16.370342325175358 48.19531781616746,16.37034801706886 48.195308740584188,16.370346940841827 48.195308473411544,16.370368494932613 48.195274302999358,16.370006571456468 48.195168943455208,16.369974949304218 48.195218878704296))",http://finder.tuwien.ac.at/spatial/room/id/HDEG01,http://finder.tuwien.ac.at/vocab/spatial#Room,http://www.opengis.net/ont/sf#Polygon
"POLYGON ((16.370228824628438 48.195136197667324,16.37019661298984 48.195126142942499,16.370206636977436 48.195110802284432,16.370204041772549 48.195109961914142,16.370189134557705 48.195105126093679,16.370190561026739 48.195102942474577,16.370179106776675 48.195099382047914,16.370171753838314 48.195111915562016,16.370172993272444 48.195112166107286,16.370170417528556 48.195117798298561,16.370179270980696 48.195120381896324,16.370171618699441 48.19513160988727,16.370163988790384 48.195143383705627,16.370157647541337 48.19514161467864,16.370151842778196 48.195151935036904,16.370157896317426 48.195153681991677,16.370155662649456 48.195157163967345,16.370159314729186 48.195158299174601,16.370157899446255 48.195160755706183,16.370139318226457 48.19515524938415,16.370125869303997 48.195151380477434,16.370124119386372 48.195150920734804,16.370122679158204 48.195153268473625,16.370119058959162 48.195152286314851,16.370120536493452 48.195149849132989,16.370112407964779 48.195147583490204,16.3701161453988 48.195141554606408,16.370075107601487 48.195131206571979,16.370072362722226 48.195135961033785,16.370070779422818 48.195136942371541,16.370070415925987 48.195137570336875,16.370069962491907 48.195138128246541,16.370068445582778 48.195139104961136,16.370066837393999 48.195140103822062,16.370066324449212 48.195140584293945,16.37006516001842 48.19514103907737,16.370064081330103 48.195141461573343,16.370062752238081 48.195141772554422,16.370061540713333 48.195142077980286,16.370060189528466 48.195142474713322,16.370058944836515 48.195142845608927,16.370057539678122 48.195143175045288,16.370056466415232 48.195143355049623,16.370055720853056 48.195143283278803,16.370054310157482 48.195143602574063,16.370053058530093 48.195143929214204,16.370051918932806 48.195144240158022,16.370050530385946 48.195144600017684,16.370049150116923 48.195144911930818,16.370046986923732 48.1951451151998,16.370045670304329 48.195145480577416,16.370044738155691 48.195145729705295,16.370043360683194 48.195146109847165,16.370042201677837 48.195146322138925,16.370039999780268 48.195146580736534,16.370038611233412 48.195146940596182,16.370037457821105 48.195147289345407,16.370036168831724 48.195147579112174,16.370034879842343 48.195147868878927,16.370032807928798 48.195148050001535,16.37003051463984 48.195148078112787,16.370028439929772 48.195148191006666,16.370026713559128 48.19514780594276,16.370019464771456 48.195145636938783,16.370012631433973 48.19515710264367,16.370196650144717 48.195210143284491,16.370216031532394 48.195179692649255,16.370214072711978 48.195179134292125,16.370215745166433 48.195176454582821,16.37021855044889 48.195176922415968,16.370234216216019 48.19515178331055,16.370240658253195 48.195153137409683,16.370247040897258 48.195142171525923,16.370242055307227 48.195140739690807,16.370245762035349 48.195134086606394,16.370232490135002 48.195130163264217,16.370228824628438 48.195136197667324))",http://finder.tuwien.ac.at/spatial/room/id/HDEG01,http://finder.tuwien.ac.at/vocab/spatial#Room,http://www.opengis.net/ont/sf#Polygon
"POLYGON ((16.370138364167204 48.195124725263511,16.370126618728602 48.195144549104143,16.370129316287496 48.195145387609706,16.370125838821522 48.195151261543067,16.370139343059908 48.195155105544515,16.370142767950622 48.195149198429299,16.370148074473544 48.195150713182649,16.37015494170458 48.195140824119449,16.370160774432971 48.195131186046446,16.370138364167204 48.195124725263511))",http://finder.tuwien.ac.at/spatial/room/id/HDEG01A,http://finder.tuwien.ac.at/vocab/spatial#Room,http://www.opengis.net/ont/sf#Polygon
"POLYGON ((16.370092914143715 48.194964494650009,16.370097957122784 48.194958080083431,16.370103031195931 48.194959421548248,16.370108211766397 48.194951365756999,16.370104819654713 48.194950075594562,16.370116738924846 48.19493549241259,16.370103829011317 48.194930654339075,16.370104271315146 48.194929949827944,16.370092081011389 48.194925924835211,16.370091693967584 48.194926478124032,16.370089043502645 48.19492578897308,16.370065071623099 48.19495370141636,16.370092914143715 48.194964494650009))",http://finder.tuwien.ac.at/spatial/room/id/HHEG07A,http://finder.tuwien.ac.at/vocab/spatial#Room,http://www.opengis.net/ont/sf#Polygon
"POLYGON ((16.370043236124076 48.194908283257504,16.370027830216181 48.194926767282475,16.370022468433213 48.194925403744854,16.370014759997957 48.194934761930824,16.370019020943872 48.194936507401245,16.370045584878969 48.194946094886483,16.370061870236778 48.194952066380694,16.370064260733663 48.194952910481895,16.370068479958121 48.194947890171321,16.370074540884161 48.194941320503077,16.370087834159815 48.194924773143292,16.370085172508777 48.194923811076215,16.370086831427574 48.194921800743693,16.370075103115088 48.194917801476123,16.370073004130237 48.194919321379913,16.370067094222431 48.194917080185419,16.370068642285908 48.194914614395849,16.370056310923761 48.194910646594948,16.370054828971199 48.194912476176889,16.370043236124076 48.194908283257504))",http://finder.tuwien.ac.at/spatial/room/id/HHEG07B,http://finder.tuwien.ac.at/vocab/spatial#Room,http://www.opengis.net/ont/sf#Polygon
"POLYGON ((16.369917860737228 48.194935509372286,16.36993879644896 48.19491049266351,16.369946073766464 48.194902111900852,16.369951033631967 48.194895418892195,16.369948159106837 48.194894761133604,16.369949662984634 48.194892466847683,16.369957619860742 48.194894418126061,16.36997081357892 48.194877940844364,16.369959638760839 48.194874450420834,16.369960028601163 48.194873965360522,16.36991050918369 48.194857360250758,16.369909602427271 48.194858728710336,16.369898568779305 48.194855433726502,16.369889140572155 48.194866817024298,16.369899443982952 48.194870289179185,16.369896452336054 48.194873771323095,16.369899717148492 48.194874954557896,16.369898274123795 48.194877234080266,16.36989197180262 48.19487591498325,16.369889793394698 48.194879245755303,16.369888885967807 48.194879098410119,16.369863504398385 48.194909603880561,16.369858981131927 48.194915203284118,16.369917860737228 48.194935509372286))",http://finder.tuwien.ac.at/spatial/room/id/HEEG16,http://finder.tuwien.ac.at/vocab/spatial#Room,http://www.opengis.net/ont/sf#Polygon
"POLYGON ((16.37002771779925 48.19491652733538,16.370034021467216 48.194908382802581,16.370029747882512 48.194903080174193,16.370045507946372 48.194884739906513,16.369996003855409 48.194865259931646,16.369992697653807 48.194864316430575,16.369986241294384 48.194871234710824,16.369978864531141 48.194879938205808,16.369967561511075 48.194893062643928,16.370006019538796 48.194906195738845,16.370017748074758 48.194910700275081,16.370019787100468 48.194911216206371,16.37002771779925 48.19491652733538))",http://finder.tuwien.ac.at/spatial/room/id/HEEG19,http://finder.tuwien.ac.at/vocab/spatial#Room,http://www.opengis.net/ont/sf#Polygon
"POLYGON ((16.369972262755315 48.194877060950326,16.369991075319167 48.194855223764073,16.369959301733832 48.194844235811225,16.369940965255626 48.194866692507588,16.369960675612962 48.194873257120179,16.369959735577595 48.194874438415361,16.36996845071199 48.194877021130566,16.369969086537743 48.194876039974041,16.369972262755315 48.194877060950326))",http://finder.tuwien.ac.at/spatial/room/id/HEEG22A,http://finder.tuwien.ac.at/vocab/spatial#Room,http://www.opengis.net/ont/sf#Polygon
"POLYGON ((16.370402121109034 48.194961252905685,16.370404299516959 48.194957922138954,16.370411210816076 48.194960104125485,16.370421646007589 48.194948798100249,16.37041512152879 48.194945557557219,16.370421934617216 48.194938346014204,16.37042892869465 48.19494004853437,16.370437494442815 48.194930114839664,16.370431645388098 48.194927858881371,16.370437418380838 48.194920761870939,16.370431921020806 48.194919339350449,16.370434605382204 48.194915357534413,16.37041649980106 48.194909460155387,16.370415141680745 48.194909812634556,16.370412274648313 48.194913586110061,16.370400499577105 48.194910195385241,16.370402987508339 48.194906169350077,16.370384721516633 48.194900356827517,16.370380991578237 48.194904569355629,16.37037754152173 48.194903614819289,16.370349299292187 48.194946046256966,16.370364361212808 48.194950408143349,16.370362945818133 48.194952612051225,16.37038506837407 48.194959050783915,16.370386312283816 48.194956911451456,16.370402121109034 48.194961252905685))",http://finder.tuwien.ac.at/spatial/room/id/HEEG54,http://finder.tuwien.ac.at/vocab/spatial#Room,http://www.opengis.net/ont/sf#Polygon
"POLYGON ((16.370377828184818 48.194988829777387,16.370387306505943 48.19497816936078,16.370394679684587 48.194980124438686,16.370403966721611 48.194968545725452,16.370397979293298 48.194966162557229,16.370398864012746 48.194965006169589,16.370383813166473 48.194960664566722,16.370384825073423 48.194959362474705,16.370362680368753 48.194952883177486,16.370361757056671 48.194954347527911,16.370345167880359 48.194949460390177,16.370328995489295 48.194973734839309,16.370358981068669 48.194982584028899,16.370357151000167 48.194985416834669,16.370375748775633 48.194990827281607,16.370377208355997 48.194988451870948,16.370377828184818 48.194988829777387))",http://finder.tuwien.ac.at/spatial/room/id/HWEG54A,http://finder.tuwien.ac.at/vocab/spatial#Room,http://www.opengis.net/ont/sf#Polygon
"POLYGON ((16.369744344584589 48.195054738533791,16.369793168679649 48.195071888399092,16.36980419158855 48.195075920985978,16.369809459407122 48.195077491070215,16.369817106989316 48.195068147674512,16.369824380834018 48.195070678108181,16.369844884422434 48.195044365191308,16.369839348022744 48.195042240103312,16.36984123883261 48.195039139903152,16.369848490305117 48.195041124507298,16.369848100464786 48.195041609566012,16.369899836544963 48.195060065594348,16.369901141419557 48.195058164134991,16.369909848332043 48.195060921104115,16.369917150371357 48.195052143892966,16.36991761482393 48.195051479948006,16.369851300404303 48.195027465160962,16.369852384238719 48.195026168588605,16.369859661109288 48.195016777311388,16.369860888463371 48.195014733874629,16.36985828352649 48.195013781018275,16.369845747176903 48.195009185369891,16.369796243399183 48.194991977875965,16.369793722224479 48.194994724262422,16.369788177882239 48.194993405019453,16.369779550217945 48.195004077251966,16.369784466677054 48.195005571801843,16.369776903830203 48.195015733023673,16.369770716223904 48.19501421382941,16.369762148070322 48.195024963495555,16.369767162940075 48.195026922262258,16.369758979089635 48.195037176725847,16.369752779010714 48.19503560313553,16.369744310470473 48.195046409020733,16.369749216078727 48.195048388553545,16.369744344584589 48.195054738533791))",http://finder.tuwien.ac.at/spatial/room/id/HEEG04,http://finder.tuwien.ac.at/vocab/spatial#Room,http://www.opengis.net/ont/sf#Polygon
"POLYGON ((16.369900934400096 48.19497789130515,16.369894053387799 48.194975386145231,16.369869672342777 48.195005436345106,16.369876227528259 48.195007739184213,16.369873267650281 48.195011121734424,16.369866974558185 48.195008778275088,16.369862371142293 48.195014546413191,16.369862996396531 48.195014681827189,16.36986156455793 48.19501723425897,16.369859915596034 48.195016738536509,16.369851894952642 48.195026976373761,16.369909482772346 48.195047503956161,16.369916323155604 48.195039458916725,16.369924936103676 48.195042422437609,16.369932582175881 48.195032792287819,16.369924904228863 48.195029774183475,16.369934766015124 48.195016723825127,16.369942587537697 48.195019121382863,16.369950138303075 48.19500978998181,16.369943175715175 48.195007356296045,16.369945495069757 48.195003715705923,16.369953407760235 48.195005838484441,16.369960789893071 48.194996766201719,16.369953828703427 48.1949943666298,16.369955423749133 48.194991797568449,16.369912134501647 48.194976000806172,16.369914393003132 48.194972374978107,16.369907512018777 48.194969932976342,16.369900934400096 48.19497789130515))",http://finder.tuwien.ac.at/spatial/room/id/HEEG07,http://finder.tuwien.ac.at/vocab/spatial#Room,http://www.opengis.net/ont/sf#Polygon
