 "orgOId" ,
 "393957" ,
 "3535341" ,
 "791149" ,
 "17200321" ,
 "375933" ,
 "793869" ,
 "17675281" ,
 "792489" ,
 "792285" ,
 "4954229" ,
 "947841" ,
 "3677033" ,
 "1093849" ,
 "791349" ,
 "3526289" ,
 "1349425" ,
 "785381" ,
 "3531769" ,
 "735421" ,
 "789301" ,
 "3523337" ,
 "806541" ,
 "1087221" ,
 "787989" ,
 "793229" ,
 "17200377" ,
 "17200425" ,
 "17200433" ,
 "17200357" ,
 "17200417" ,
 "17200333" ,
 "17200393" ,
 "17200345" ,
 "17200325" ,
 "17200413" ,
 "17200329" ,
 "17200381" ,
 "790333" ,
 "27055505" ,
 "790021" ,
 "790177" ,
 "790101" ,
 "789861" ,
 "777801" ,
 "789761" ,
 "790257" ,
 "789405" ,
 "778761" ,
 "789941" ,
 "27055501" ,
 "789677" ,
 "11075677" ,
 "12869345" ,
 "12868857" ,
 "12869105" ,
 "12869101" ,
 "783393" ,
 "1084497" ,
 "790045" ,
 "790425" ,
 "790633" ,
 "790225" ,
 "17675109" ,
 "16720837" ,
 "16872409" ,
 "4583621" ,
 "4609489" ,
 "4583529" ,
 "4583597" ,
 "4583489" ,
 "1094501" ,
 "10146433" ,
 "1800837" ,
 "895229" ,
 "896297" ,
 "9664333" ,
 "897773" ,
 "1640089" ,
 "898245" ,
 "1132269" ,
 "784913" ,
 "784041" ,
 "778593" ,
 "21165249" ,
 "783801" ,
 "781481" ,
 "779565" ,
 "775397" ,
 "784701" ,
 "779889" ,
 "782405" ,
 "7967709" ,
 "1644861" ,
 "9096893" ,
 "777657" ,
 "275965" ,
 "264837" ,
 "28773" ,
 "15068573" ,
 "1659725" ,
 "3900237" ,
 "26853" ,
 "797161" ,
 "802849" ,
 "797417" ,
 "1092121" ,
 "1657725" ,
 "9095829" ,
 "58949" ,
 "761697" ,
 "814945" ,
 "771961" ,
 "762745" ,
 "258729" ,
 "1130377" ,
 "815493" ,
 "774165" ,
 "814349" ,
 "1653033" ,
 "775893" ,
 "786745" ,
 "11187273" ,
 "603793" ,
 "785941" ,
 "783537" ,
 "1642993" ,
 "788853" ,
 "1025365" ,
 "70949" ,
 "520033" ,
 "788557" ,
 "9623633" ,
 "812593" ,
 "3590685" ,
 "807465" ,
 "806597" ,
 "1131873" ,
 "1122597" ,
 "401617" ,
 "773289" ,
 "1649405" ,
 "812113" ,
 "774357" ,
 "1651317" ,
 "4954085" ,
 "814809" ,
 "744261" ,
 "5086241" ,
 "814825" ,
 "815985" ,
 "766397" ,
 "3334673" ,
 "768949" ,
